bone_length,rotting_flesh,hair_length,has_soul,black,white,blue,clear,green,blood
0.4717744483003892,0.3879370564226163,0.7060866179614931,0.6985372637114671,1,0,0,0,0,0
0.4273322552448829,0.6450235934779244,0.5655579125765406,0.4514616227724866,0,1,0,0,0,0
0.5496018888788191,0.4919305498709827,0.6603874948905774,0.4498091780384609,1,0,0,0,0,0
0.6380949687040852,0.6828674441443191,0.4714089892371896,0.3569244793515153,0,1,0,0,0,0
0.3617622418233112,0.5839973889813089,0.3772564963651219,0.27636395430095423,1,0,0,0,0,0
0.2928897889156079,0.505851491144943,0.29792690556516904,0.10626291133397606,0,1,0,0,0,0
0.5844562978819556,0.5516804730919008,0.628329912024545,0.4991178405953725,0,1,0,0,0,0
0.4855248626430832,0.4592423358344067,0.6577347021519275,0.5653366800178985,0,0,1,0,0,0
0.4717570296566423,0.4079155119634046,0.4659922719274438,0.4066080346426972,0,0,1,0,0,0
0.5729527214299518,0.3164542214496385,0.6683882110903622,0.64069153156616,0,0,0,1,0,0
0.3205419461599626,0.5616711702510598,0.3404461367159436,0.3389643608506416,0,1,0,0,0,0
0.41370166663601465,0.5630312395770902,0.8226498342055855,0.5254446653491647,0,0,0,1,0,0
0.13561463487318395,0.5134994492763852,0.5907637710612295,0.5492396350811746,0,0,0,1,0,0
0.4576182456943254,0.8578101823126433,0.414918879334734,0.4420856211480749,0,0,0,1,0,0
0.6281379528368588,0.4392520875993646,0.6375452862694215,0.6103209976983768,0,1,0,0,0,0
0.5126849963144569,0.6260724687811723,0.4703392697427865,0.2333087960735121,1,0,0,0,0,0
0.37950279825152977,0.5539216760079735,0.6588808367803141,0.6375384973248117,0,0,0,1,0,0
0.2500577617354168,0.6122360145898703,0.28286163810979553,0.3119139870233608,0,0,1,0,0,0
0.3531752962474388,0.5753856229241963,0.5022458751303444,0.14140410246493493,0,1,0,0,0,0
0.4478504390165049,0.5644868086403372,0.7658031149672638,0.5679273463659914,0,0,0,1,0,0
0.5030254393959209,0.37795984696607177,0.4143506626164279,0.8364478532445255,0,0,0,1,0,0
0.5951203409672623,0.3693716369647661,0.6215864691641507,0.41024228842589866,1,0,0,0,0,0
0.28437029887680865,0.20459901351834636,0.8270832039613956,0.6000115812296796,0,0,0,1,0,0
0.4746663938479657,0.4282447632426354,0.36419980677178815,0.36682246887159703,1,0,0,0,0,0
0.4434563699157796,0.5312089060996766,0.5178030284461085,0.5928781190440947,0,0,0,1,0,0
0.39413901068983226,0.039408716101553866,0.5799694953949643,0.5947233907792913,0,0,0,1,0,0
0.6326746150845437,0.3889877396205964,0.723792855972625,0.5451095841804143,0,0,0,0,1,0
0.5717541060297419,0.3712449422296153,0.5444494185546075,0.41637088260229255,0,0,0,0,1,0
0.5562551734573848,0.8103938501409333,0.6893206555476129,0.8878274884575238,0,0,1,0,0,0
0.5243425076774092,0.3838533309467633,0.7580563801452407,0.4006952304777309,0,0,0,1,0,0
0.554625965412402,0.3708810861757154,0.5078672918961085,0.5579274153876902,0,1,0,0,0,0
0.5879725960109469,0.546885035785316,0.6386987689427376,0.5510497158770515,0,1,0,0,0,0
0.6904881728579825,0.7449560594310258,0.7082408588675015,0.6239384897623663,1,0,0,0,0,0
0.3467614659985456,0.31370418253483506,0.6550069204326094,0.5590016699590189,0,1,0,0,0,0
0.2984556251915397,0.3784945656491214,0.5529470320757048,0.609917653123177,0,0,0,1,0,0
0.5497399626600019,0.5179074770681487,0.8145692180921396,0.6798836311646418,0,0,0,1,0,0
0.3914291046291008,0.5814451977782966,0.5830589326795618,0.29501989601490525,1,0,0,0,0,0
0.5089638383439511,0.4379650866828097,0.540076616473716,0.5383936443939418,1,0,0,0,0,0
0.5536397103966474,0.69666433824828,0.10920022079538874,0.3950832297018816,0,1,0,0,0,0
0.4631057517642583,0.3510524562166805,0.527841717223586,0.7086891154851328,0,1,0,0,0,0
0.3513371787418208,0.3984270897536595,0.4829354473946704,0.3165656367996537,0,0,0,1,0,0
0.4114680705709997,0.4901344738526093,0.6071321191426291,0.6917143833672279,0,1,0,0,0,0
0.4607868156912474,0.29112984364903377,0.5768509785886798,0.5859320699148629,0,1,0,0,0,0
0.3732384900476674,0.3727719089469302,0.5499039097731463,0.6699943078168068,0,1,0,0,0,0
0.2651505074250043,0.2352658371456831,0.3419555636522268,0.36000510099720223,0,0,0,1,0,0
0.5289359317300588,0.5730908108487507,0.6301247011737423,0.5259679653002403,0,1,0,0,0,0
0.4474613862340273,0.5396578693664149,0.7857486817588856,0.6334096181566857,0,1,0,0,0,0
0.3107614700024738,0.4568843765822272,0.7919072485638046,0.7702746712394052,0,0,0,1,0,0
0.4881260307968032,0.5770131382289531,0.8014966386705478,0.5121134567646318,0,1,0,0,0,0
0.4348897813353749,0.4433957845631879,0.4605653831956971,0.3466742193397672,0,0,0,1,0,0
0.421851948939279,0.4428466672204133,0.5875448490608994,0.5510731385579289,0,0,0,1,0,0
0.4846684243663098,0.7491364938881327,0.5760788093716763,0.6120893199628784,0,0,0,1,0,0
0.32712863297648165,0.6267456957699981,0.22619923643603665,0.12258858593339267,0,1,0,0,0,0
0.3646669528697617,0.4054786738439229,0.6107992522689029,0.4104639485951505,0,0,0,1,0,0
0.2684483979734463,0.031917989813814406,0.6050184753009145,0.325474988646481,0,1,0,0,0,0
0.2948916642013453,0.6998140566011373,0.30354310390705,0.3851643458990113,0,0,0,1,0,0
0.4690480204377746,0.22107962761520167,0.5160276134737044,0.3210547791377947,1,0,0,0,0,0
0.3110659038827984,0.5144600081121774,0.6113844284806541,0.6617420201398048,0,0,0,0,1,0
0.5600167547432545,0.5402979251356519,0.6556323977545805,0.8502959564386291,0,1,0,0,0,0
0.49810796617618797,0.6742604810845773,0.447133974458846,0.14396458961488995,0,1,0,0,0,0
0.6008422098396432,0.5738942493696408,0.6739903067495482,0.39251627983190707,0,0,0,0,1,0
0.5197331893692335,0.5756271901129706,0.6125383817783723,0.7706989147296963,0,0,1,0,0,0
0.35159978514094675,0.3885612990948275,0.4358205795499609,0.1678721567333141,0,0,0,1,0,0
0.5207219128210339,0.22349455000144927,0.44207117312188093,0.476938583721307,0,1,0,0,0,0
0.5678544682912564,0.19100139300868094,0.6320850479512504,0.6832499166673189,0,0,0,0,1,0
0.5715237258714361,0.645111180074177,0.5359553987148031,0.5893907849709461,0,0,0,0,1,0
0.3989548229413424,0.4969704793178844,0.7660464139526114,0.7632429967123413,0,1,0,0,0,0
0.2230473300820926,0.5916437723872451,0.678433442264705,0.7363128279496082,0,0,0,1,0,0
0.5604250789900155,0.6111158705445667,0.4327507584631401,0.4360939003661865,0,1,0,0,0,0
0.5831878632656119,0.5029607306811185,0.7031419684684374,0.4126715730338701,1,0,0,0,0,0
0.566765549410427,0.4521652141204133,0.2793792276833496,0.4242612961406777,0,0,0,1,0,0
0.4274569351948647,0.7317272800057918,0.4235938564295579,0.5584982454402474,0,0,0,0,1,0
0.5879786328069911,0.6806840997917202,0.5976797875957203,0.5440186382444387,1,0,0,0,0,0
0.7076771524114055,0.5570290655278608,0.5468306750244102,0.6333393125002545,0,0,0,1,0,0
0.5133438195136264,0.4467483149202369,0.52772873212851,0.5371880208195384,0,0,0,1,0,0
0.6130471913126025,0.5456481858361308,0.5868912751861909,0.5891426470813999,0,1,0,0,0,0
0.4003540586980651,0.2973307753651984,0.6715746725877639,0.6552817865005405,0,0,0,1,0,0
0.5251502639285929,0.20133168405438107,0.6351042975338347,0.5449899944926119,0,0,0,1,0,0
0.3049521570434575,0.4731775484705333,0.4552612179050117,0.24160244762751015,0,0,0,1,0,0
0.4379531099548981,0.2697721180539941,0.4488736066152935,0.4088860522131197,1,0,0,0,0,0
0.2549919738109668,0.4854969484492118,0.3601324996709283,0.31697487306531913,0,0,0,0,1,0
0.4869382881742805,0.0,0.5921285828784681,0.4597779759733987,0,1,0,0,0,0
0.5116952682263662,0.5173072817045169,0.6472811243349524,0.5957399506910853,0,1,0,0,0,0
0.40743705874966896,0.4165783717779933,0.7519001579447488,0.4977008300128979,0,0,0,1,0,0
0.4023413508033286,0.5655693200826903,0.42002429814883785,0.3809206591600883,1,0,0,0,0,0
0.38538968025421183,0.5319981242138038,0.15923382443344156,0.254646416511589,0,0,0,1,0,0
0.0,0.2881350540654788,0.45093837140522897,0.20026171861534245,0,1,0,0,0,0
0.4379680214965543,0.30300489586436485,0.3848358999501954,0.4931597521081325,0,1,0,0,0,0
0.167284592262925,0.7737429355286426,0.4468837428067572,0.3413831831453281,0,0,0,1,0,0
0.3398168329644265,0.5202417653619259,0.3816460229648145,0.2586008851147724,1,0,0,0,0,0
0.2097273107143164,0.5295578885509363,0.2320331604633327,0.08401875651908132,1,0,0,0,0,0
0.5200726969708933,0.7523725247431258,0.44315429818755503,0.19197274845350928,0,1,0,0,0,0
0.4263440715887975,0.4306066297676095,0.6253100899972401,0.4859519132291185,0,0,0,0,1,0
0.3948904433682676,0.4314820235204005,0.5729502626079417,0.2563261817942534,0,0,0,0,1,0
0.17914417417657444,0.5706119012112626,0.3044396369095635,0.438460195275184,0,0,0,1,0,0
0.384520901855406,0.6090958435075446,0.3494605595976518,0.4387739799051622,0,0,0,1,0,0
0.3429682333837078,0.4797348853016324,0.5470029114651556,0.3114713336262618,1,0,0,0,0,0
0.5039215067998669,0.4168504142817824,0.3458802426846419,0.39067632675248376,1,0,0,0,0,0
0.548880338709564,0.21412744388030494,0.6718481221341174,0.4791109519049847,0,0,0,1,0,0
0.3276823131519033,0.3874703633800021,0.4338908380850776,0.3651246622308374,0,0,0,1,0,0
0.5919845951560941,0.3880479782574932,0.6529562442358468,0.3862256634154545,0,1,0,0,0,0
0.4446789354666771,0.455819659682484,0.5802920309658365,0.43713906312764905,0,0,0,1,0,0
0.3744779382494472,0.4255432251845536,0.6704627022065567,0.5891837150554916,0,0,0,1,0,0
0.3357203509214739,0.5381151099927575,0.4037679396851272,0.4485846930514493,0,1,0,0,0,0
1.0,0.78865974181576,0.7778942044900825,0.5996826074877823,0,1,0,0,0,0
0.6341618529089357,0.2761126833635309,0.5156855645310802,0.6474840655369903,0,0,0,1,0,0
0.5069096210256901,0.4105119346386872,0.6323585516138582,0.5517818895950117,0,0,0,1,0,0
0.43246262501975424,0.5407761602114006,0.5209603703525183,0.32305945595883234,0,0,0,1,0,0
0.5502088362953461,0.5824012723768063,0.6997669786206279,0.5445842675813722,0,0,0,1,0,0
0.6252756727016037,0.5243627568326596,0.6282991970451849,0.5078748391166046,0,1,0,0,0,0
0.3337432403621598,0.3820605304222469,0.4474246544539901,0.2354164011975361,0,1,0,0,0,0
0.4670600930649561,0.3864744624362035,0.31454794505096195,0.431274832136039,0,0,0,1,0,0
0.1770848214809077,0.4028152958589301,0.4828463156165372,0.4280890621619898,1,0,0,0,0,0
0.3362296170091725,0.5434012146405611,0.6053631411431721,0.5361830103264583,1,0,0,0,0,0
0.5425939779854945,0.4771301018903664,0.6954821413636714,0.5083503361976769,0,1,0,0,0,0
0.3242376220741427,0.4554051145114787,0.4123049220211765,0.35968982442777514,0,0,0,1,0,0
0.6590871677207215,0.39080004356005904,0.3749950970189644,0.3114352611056152,0,0,1,0,0,0
0.4224220116122621,0.22685193225020564,0.6490745914322867,0.5600455262373658,0,1,0,0,0,0
0.5399320449303149,0.4626186338279658,0.5202204829085116,0.8645286256925645,0,0,1,0,0,0
0.5112707064629374,0.6468534730850971,0.3652329341447997,0.33609849283662785,0,0,0,1,0,0
0.4518356063989548,0.5255460270260263,0.5253937344645968,0.5688891328276822,0,0,0,1,0,0
0.13740359364249666,0.3994974798173589,0.5192859199533151,0.2969624038551378,0,1,0,0,0,0
0.23761327018118114,0.4878540767114006,0.3774364318167383,0.25849133827327186,0,0,0,0,1,0
0.29973411173175,0.4369299254201276,0.6964597390651779,0.6112782689449139,0,1,0,0,0,0
0.553314451497204,0.3199481479534429,0.7449314795654388,0.7417761899877239,0,1,0,0,0,0
0.5407368041897466,0.7520146911394116,0.2633562276400503,0.32658262474876354,0,0,0,1,0,0
0.4374578072604482,0.6245875555740349,0.3088715660573096,0.28505171723916994,0,0,1,0,0,0
0.2435109569814696,0.8745907662152681,0.5078385170395909,0.3555055410671173,0,1,0,0,0,0
0.7648687213750686,0.7957912069894427,0.8216444735727002,0.5191860249178282,0,0,0,1,0,0
0.4096171101799021,0.4165968788646674,0.4482193571499691,0.8097828073432951,0,0,0,0,1,0
0.2989201512973399,0.466739866795609,0.3234914594309717,0.2455301203579245,0,1,0,0,0,0
0.3122313379466742,0.4464006670622731,0.5884070542041702,0.5030966362847662,0,1,0,0,0,0
0.3736305537715169,0.3597381176999297,0.6694800715422385,0.5215012911795918,0,0,0,1,0,0
0.4970793052499803,0.4194094521770113,0.6648263631332165,0.8519359331417382,0,0,1,0,0,0
0.40182420570454463,0.5047070080513483,0.4689914096991321,0.3745323475690934,1,0,0,0,0,0
0.3960319180060598,0.5018998163890201,0.578653903947541,0.5844476198711841,0,1,0,0,0,0
0.5115000640565655,0.3260358984841549,0.9303755022741736,0.7009355175102377,0,1,0,0,0,0
0.3768636243661408,0.36451678834585377,0.5992405495565335,0.6798759679529113,0,0,0,1,0,0
0.4061699231875774,0.3737750778851317,0.4489309388449581,0.4902259632169929,0,0,1,0,0,0
0.4300388505232545,0.47602845701257,0.31149880530838103,0.40417906869704107,0,0,0,1,0,0
0.5351886330376607,0.4716863863317262,0.6273188660828083,1.0,0,0,1,0,0,0
0.3236300033764828,0.4338770373017735,0.3692675176550593,0.39384176284894334,0,0,0,1,0,0
0.3204897724055316,0.516139985833795,0.4426526504156141,0.41575760088668456,1,0,0,0,0,0
0.4484069522845501,0.4711091484022771,0.51363117844693,0.8139894802798346,0,1,0,0,0,0
0.5930985277206363,0.453462211054166,0.6570581557606632,0.4986964420423136,0,0,0,1,0,0
0.3244701028538237,0.6052552355673301,0.3491521425679277,0.3354147800661041,0,1,0,0,0,0
0.4959028754386521,0.4430069057157371,0.6955813515881166,0.4432709045907313,0,1,0,0,0,0
0.3299711358356973,0.3620239129722385,0.44995264681405306,0.2352325565724526,1,0,0,0,0,0
0.3822085515945141,0.4936932286422626,0.0,0.22416760812872394,0,1,0,0,0,0
0.4725973425619661,0.4954154453990313,0.3234334813877631,0.4215313745101699,0,1,0,0,0,0
0.4176062822345752,0.39658347434745866,0.6141868493125999,0.6350977738594711,0,1,0,0,0,0
0.6809549759056938,0.5151690075502355,0.6448703965384932,0.4804667920186441,0,0,0,0,0,1
0.4210410059507123,0.3808607029848313,0.6837098328159051,0.530724191707382,0,1,0,0,0,0
0.4768877175802828,0.4152984812920393,0.4495681058398764,0.5646716587901072,0,1,0,0,0,0
0.3145600134594416,0.19755256228038606,0.6288848448593913,0.3927334746161549,1,0,0,0,0,0
0.2496208221794255,0.7026242989264166,0.2985002451723868,0.4555497717044402,0,0,0,1,0,0
0.5618525190596071,0.4613789016838969,0.6820912983827729,0.7591730821726327,0,1,0,0,0,0
0.6144214575586121,0.4464979088265548,0.7234518168236623,0.5934918284856219,0,1,0,0,0,0
0.222873036337833,0.6736082376218325,0.5895179451636969,0.27473501568832404,0,0,0,1,0,0
0.5282444828258913,0.8294614700359552,0.8408384043745764,0.7995681285756628,0,1,0,0,0,0
0.4838711922575803,0.4858185831746187,0.823177188190902,0.7792977838566093,0,0,0,1,0,0
0.3847917979385725,0.5135762600399497,0.645218950301834,0.6930155079366472,0,1,0,0,0,0
0.35687019308392115,0.270831833159545,0.7882539172016431,0.4902623790515179,0,1,0,0,0,0
0.4791984530735344,0.2643653640633383,0.5481638454849961,0.5738846415753595,1,0,0,0,0,0
0.29296113889279185,0.5995984191796542,0.35997691529024883,0.14411995740146766,0,1,0,0,0,0
0.4222780352556623,0.5150379348966408,0.19000821890510972,0.14941722709448854,0,1,0,0,0,0
0.4082904585680028,0.5406254043103054,0.5953897038056885,0.3874626242193229,0,0,0,1,0,0
0.4944854403489842,0.7866796261030942,0.1790064839528763,0.12743167775978287,0,1,0,0,0,0
0.3482598280541355,0.3760823948542205,0.5948981560872598,0.43600146227952,0,1,0,0,0,0
0.5056195821749433,0.5595322957031755,0.3317974395170349,0.2822818143543033,0,1,0,0,0,0
0.1692128705489467,0.5549657398416898,0.42658895742447256,0.3078596864277284,1,0,0,0,0,0
0.5459554243490163,0.5208272312223075,0.4489362316115237,0.7586996537696911,0,1,0,0,0,0
0.3836287384441427,0.7671260773774166,0.174065615646599,0.16943290030048969,1,0,0,0,0,0
0.6107494781862837,0.486876159463005,0.6550696550759325,0.3456749591619533,1,0,0,0,0,0
0.5168179797356167,0.6912861487856125,0.7177207130465573,0.5369324876285495,0,1,0,0,0,0
0.6806013250780021,0.581756938482083,0.8057415613537562,0.5742977402876881,0,0,0,1,0,0
0.3116030941222049,0.4209873147178715,0.3499858357826982,0.3823847204100387,0,1,0,0,0,0
0.6095382653312155,0.4261375856721084,0.8556673465707568,0.6787119839599532,0,0,0,1,0,0
0.5190241148927166,0.1844867300219792,0.5079588348287183,0.7811388746726156,0,1,0,0,0,0
0.5748090089657171,0.4711621368203229,0.715405308102166,0.4191332601514756,1,0,0,0,0,0
0.4184869037261067,0.6020861105820349,0.337510372063191,0.20164189218746886,0,1,0,0,0,0
0.4251678821963029,0.8376761706217696,0.4294527400631347,0.4797964881108457,0,0,0,0,1,0
0.5295352673066082,0.4783404873194023,0.7357997684789724,0.5617385154135212,0,0,0,0,1,0
0.36437247451434973,0.7067225629308764,0.20814091885459496,0.4482842538677563,0,0,0,1,0,0
0.25807128848978994,0.6280237958540617,0.2013153133585437,0.3857365296298724,0,1,0,0,0,0
0.4194471542767579,0.4570122763938401,0.5454934725372421,0.4912177486811636,0,0,0,1,0,0
0.4163822061579792,0.5204689308305253,0.5118977960498209,0.5694171282212698,0,0,0,1,0,0
0.3647846635008789,0.3990611993569377,0.6555163903081073,0.7034072479218858,0,1,0,0,0,0
0.5181461430222946,0.8264244504790538,0.8091231264276035,0.3962100681168783,0,1,0,0,0,0
0.4058796505369044,0.5992877082530673,0.24073483065962364,0.17380627543745236,1,0,0,0,0,0
0.3607241265478471,0.8168136768311567,0.3493969929583791,0.3057306260629209,0,0,0,0,1,0
0.4162876372686803,0.2647753405109291,0.9109826633172028,0.5942955131183724,0,1,0,0,0,0
0.4827702906761841,0.2913317496690198,0.35148905159779176,0.4560549878170583,0,0,1,0,0,0
0.23495898239827906,0.640291798650388,0.33355947372325384,0.4861376140401375,0,0,0,0,1,0
0.3936938432596959,0.8104928084987972,0.9226768839671764,0.6682541409408165,0,1,0,0,0,0
0.3238874833747493,0.6589947687762145,0.5698502066663197,0.5431823616232254,0,1,0,0,0,0
0.4898933449644223,0.3716061015941383,0.6044393788447546,0.3036742693267865,0,1,0,0,0,0
0.5357566668362416,0.358899710568444,0.5306236904227741,0.5375236826746468,0,0,0,1,0,0
0.6517986738180114,0.5874874952118235,0.6278892878398884,0.5495486635943537,0,0,0,1,0,0
0.5122300257510431,0.4083052131219541,0.7370607028654401,0.5777804916017444,1,0,0,0,0,0
0.2810158212032917,0.6576484793901091,0.3833512360180918,0.2338761661660557,0,1,0,0,0,0
0.08825938471619091,0.5717753956175641,0.4148220685645368,0.19337505858289175,1,0,0,0,0,0
0.3005941504230982,0.3695384522973061,0.15790179009504282,0.04527240144579485,0,0,0,1,0,0
0.21532889053440354,0.4312332281247228,0.3265789403076747,0.3704900959198366,0,1,0,0,0,0
0.4453772970580248,0.4262007198856708,0.565223064086641,0.647754542808579,0,1,0,0,0,0
0.17450568008144887,0.4068007782490589,0.15977033737060045,0.5789687669716089,0,1,0,0,0,0
0.4177645655050958,0.4598617290394637,0.6338520188714625,0.3522007878904879,0,0,0,1,0,0
0.33057758231051704,0.3399644039764688,0.4283898971225785,0.27616529508181514,0,1,0,0,0,0
0.39481802876274746,0.4413180053898396,0.5591788719815032,0.43284195816049176,0,1,0,0,0,0
0.4658285017588368,0.4373958118389466,0.7609438468921337,0.5191133380791957,0,1,0,0,0,0
0.3411614335885294,0.3869392010961359,0.4073744298873864,0.37317190945859385,0,1,0,0,0,0
0.4486195810264216,0.6298338077635623,0.42868460835072,0.4647171533399647,0,1,0,0,0,0
0.3829007097262867,0.6082187086231118,0.4222738739965414,0.25575887373785505,0,0,0,1,0,0
0.3423122791742849,0.7461356234368545,0.15778975142943966,0.3451875774626045,1,0,0,0,0,0
0.3555642140084901,0.2567844725529125,0.38818892433510777,0.4432223093449685,0,1,0,0,0,0
0.3980844259722413,0.5114942615326329,0.42136673897578025,0.4700042609878476,0,0,0,1,0,0
0.5514966863835439,0.42725828187569104,0.6108767156050782,0.5497227949798921,0,1,0,0,0,0
0.2460740781840429,0.7634032291897016,0.1664978925610756,0.25657768007437315,0,0,0,0,1,0
0.6199611569841437,0.5821299843865279,0.5161860958138054,0.9365782007370672,1,0,0,0,0,0
0.4279651687122552,0.18577144304607426,0.5102610478252496,0.4555944171477733,0,1,0,0,0,0
0.4664770840508642,0.3612804948143195,0.6398917645119595,0.4354058306407304,0,0,0,1,0,0
0.34665057649251146,0.3664984348346344,0.6038737709382982,0.3720417421516769,0,0,0,1,0,0
0.3682137654961237,0.4633633485770101,0.3517146463019302,0.6116893335853562,0,1,0,0,0,0
0.5131221081712452,0.3447379441668081,0.6934877458647156,0.779581530429515,0,0,0,1,0,0
0.5287047934808884,0.4518861061004192,0.6110508994545605,0.6112363213092522,0,1,0,0,0,0
0.24395003216880395,0.27765659013513383,0.5322125134083017,0.4998837233094026,0,1,0,0,0,0
0.4338350539758611,0.7480317406369715,0.2754996955769337,0.2423997711761341,0,0,0,1,0,0
0.2112723709165252,0.4523489247050912,0.210511724958144,0.2081094423681471,0,1,0,0,0,0
0.3669419099201279,0.327831582438932,0.5174891137613128,0.4841919248829228,0,0,0,1,0,0
0.20896308486792256,0.5369667107853855,0.4379554283336817,0.393955229434231,0,0,0,0,1,0
0.21805390455922133,0.2344966678723861,0.4421491965714464,0.41501247671478814,0,1,0,0,0,0
0.1595519558409285,0.4899310916709917,0.6687164860717668,0.5287763367153374,0,1,0,0,0,0
0.30741831407372705,0.5697332728805543,0.36054188024967854,0.3489786110937999,0,1,0,0,0,0
0.21158220042373047,0.7537994807590065,0.3182940866415103,0.30876891806455353,1,0,0,0,0,0
0.33907139870430675,0.5501588819773622,0.2838653403189194,0.3343492331417785,0,0,0,0,0,1
0.5069457616823208,0.39864865950569933,0.6252922432344344,0.6459389288168766,0,0,0,1,0,0
0.4438695397648585,0.5576125530191866,0.479529334223406,0.22730624235821786,1,0,0,0,0,0
0.5696643337351128,0.5107724042891321,0.8161306753367513,0.6912999657855128,0,1,0,0,0,0
0.3073776645366318,0.6772679522575865,0.5560725904584494,0.6683241735380704,0,0,0,1,0,0
0.5115416027132734,0.6101424189127747,0.48938587706856296,0.5262554247764369,0,0,0,1,0,0
0.32192232499516643,0.6197945034884502,0.34181112558153665,0.3220087310943427,0,1,0,0,0,0
0.24168951558720456,0.4399779916811773,0.2588113057469768,0.3684888572382016,0,1,0,0,0,0
0.25259373580851785,0.7633289035881615,0.22049010076505807,0.181721320874294,0,0,0,1,0,0
0.3182309482947957,0.7423529725364101,0.3489436506876568,0.28217794148482,0,0,0,0,1,0
0.401377571866284,0.4600092992878115,0.4639711897316906,0.4661675978644442,0,1,0,0,0,0
0.3793300803795355,0.5777987586930311,0.5398270923365179,0.3432873324831549,0,1,0,0,0,0
0.3660307973869193,0.3235154127101977,0.5739396449248075,0.4729794188740928,1,0,0,0,0,0
0.3889238881572607,0.8223921876703736,0.2997029399340612,0.033918521019820534,0,0,0,1,0,0
0.2526667265567284,0.5166514631786134,0.3414877118759145,0.3815201902596929,0,1,0,0,0,0
0.32740642036213224,0.35405915747333816,0.5629669758998465,0.6389100615116899,0,0,0,0,1,0
0.11655346705842826,0.6181124258107893,0.4558549960121809,0.31631385459483263,0,1,0,0,0,0
0.28772190642337525,0.3930159506705893,0.31719427793871874,0.3759876580161814,0,1,0,0,0,0
0.3167183566939154,0.4950447690988307,0.38120434083207133,0.42976362993682704,0,0,0,0,1,0
0.6478738779347598,0.8942676470148091,0.5878147250232878,0.35221881680173883,0,1,0,0,0,0
0.5212925519672124,0.5710355360142007,0.4726780956590367,0.5695904201641342,0,1,0,0,0,0
0.5940502766580482,0.341295520188405,0.6033110209805236,0.5429137454280544,0,1,0,0,0,0
0.3259884511536,0.6503419632410924,0.41251857512932416,0.05974567209384213,0,0,0,1,0,0
0.7401423467692234,0.35123188088870233,0.8102094032610065,0.4169373426334445,0,1,0,0,0,0
0.5522276910150467,0.4419180770962227,0.4459055654523344,0.29154590829637445,0,1,0,0,0,0
0.36201591335462985,0.6292239530925214,0.4679562841370976,0.16072109822573494,0,0,0,1,0,0
0.3696431119413836,0.6217213116996414,0.5587675080697743,0.22055170530212886,0,0,0,1,0,0
0.373627858936971,0.25906787654049873,0.5679417237720685,0.6218556251860372,0,0,1,0,0,0
0.4038316686325056,0.459960120743419,0.1867953195822688,0.3609376950024482,0,0,0,1,0,0
0.5157410753143584,0.6837616120584316,0.6017253490791864,0.4143625027019137,0,0,0,0,1,0
0.6424458108630285,0.3921143739018883,0.6014872541866143,0.324018035066566,0,0,0,1,0,0
0.8674136858763195,0.6666804949356574,0.5666713297978474,0.6356397333410543,0,1,0,0,0,0
0.5258215422396922,0.6429543079810627,0.631137622458953,0.5482098015088046,0,0,0,1,0,0
0.5080259492573638,0.5192984085468701,0.7110060582303122,0.4511512730105062,0,0,0,1,0,0
0.4874436507896788,0.4488419499559008,0.35945781134290505,0.3663454734528192,1,0,0,0,0,0
0.28412330561905724,0.5559899264748182,0.5115013151481869,0.3410774373621686,0,0,0,1,0,0
0.4738874205694538,0.3812281589375519,0.5830061283778128,0.7050377093553997,0,0,0,0,1,0
0.2731159367453166,0.3978340647320857,0.7169953462394386,0.4259142379720835,0,1,0,0,0,0
0.4380814341655999,0.6009032061522178,0.41563877839959495,0.4531475580325163,0,0,0,1,0,0
0.3382237902327117,0.2203549533400337,0.2469554417930553,0.4941812571445353,0,0,0,0,1,0
0.7605811681302626,0.6092061179455268,0.7334214616348529,0.5845494512633747,0,1,0,0,0,0
0.5418717332729626,0.387985762494896,0.7016066315546889,0.5518454907552224,0,0,0,1,0,0
0.4529957952481834,0.3379480088020866,0.6699243208535616,0.4921936534811846,0,0,0,1,0,0
0.30688830095117,0.5685590850599341,0.8036585883576821,0.5307054974379443,0,0,0,1,0,0
0.3907809452377968,0.10331897165052673,0.7184264951293484,0.3645890684934394,0,0,0,0,1,0
0.3669872971392769,0.5424509989717241,0.4433080416718525,0.3747689575910386,0,0,0,1,0,0
0.3004691044321174,0.4014896395300975,0.2696526031533366,0.2332710053166063,0,0,0,1,0,0
0.2353529799936123,0.3147159930962501,0.5766427554398121,0.37723784208060296,0,1,0,0,0,0
0.5394027483328363,0.6111911826189094,0.8161287721363942,0.951795576982478,0,1,0,0,0,0
0.5743525998291871,0.39708636856945395,0.5620281363402164,0.7676579992854196,0,0,0,1,0,0
0.6449313570658279,0.6073495170444614,0.6719584138529728,0.45860069659411895,0,1,0,0,0,0
0.3029550456568648,0.13611260188420427,0.5186777256450369,0.7954124449049054,0,0,0,0,1,0
0.3839007169440807,0.5181652642890663,0.2937502244174747,0.5323015268243051,0,1,0,0,0,0
0.653926956365702,0.4865307801362079,0.715814565840034,0.33404535535700586,0,0,0,0,0,1
0.48580634534745293,0.5936167139420936,0.370333194046358,0.4743367595893747,1,0,0,0,0,0
0.5082448310318795,0.4613550184596428,0.4441338387503502,0.03776649135986402,0,1,0,0,0,0
0.546249956247947,0.5759074066500682,0.6827085105355448,0.4042260381512682,0,0,1,0,0,0
0.3639397526925433,0.6552904607843621,0.2803749571730548,0.4277949602468985,1,0,0,0,0,0
0.5100281974044549,0.1899862313594451,0.7599809511105825,0.5345960686447466,0,1,0,0,0,0
0.403873756206142,0.5189394276493586,0.594646277349824,0.6419899366979113,0,0,0,1,0,0
0.5072522058130762,0.3767254798262845,0.40191957199494255,0.4481105368276099,0,0,0,0,1,0
0.5362096673952482,0.5922418927655875,0.5949629236166555,0.522605382743332,1,0,0,0,0,0
0.30636480862498194,0.5447434325853833,0.3634613058479781,0.19439726499675095,0,1,0,0,0,0
0.5211439517293694,0.3533834012681636,0.6355616512147567,0.4061244428310705,0,0,0,1,0,0
0.4613341742791986,0.6419734183154888,0.4187487244789009,0.20441369042537036,0,0,1,0,0,0
0.4425755076336632,0.5641397889474312,0.3521782084345892,0.7559115842081346,0,1,0,0,0,0
0.5201460035789255,0.3241684064929913,0.7736806600094791,0.3495835096165509,0,0,0,1,0,0
0.4585101358650856,0.5831368610194222,0.2133684599932089,0.8120382418191698,0,0,1,0,0,0
0.3033669979933212,0.5187878285699442,0.27256819450970704,0.34127255747072105,0,0,0,1,0,0
0.32894472832233074,0.5155739004881061,0.5618165713727294,0.17787911421402872,0,1,0,0,0,0
0.5296932888533386,0.6936712972881888,0.5867972815505128,0.916672062683334,0,0,0,0,1,0
0.4733699899801302,0.5019488249234402,0.7036974900162845,0.3968851772632841,0,0,0,1,0,0
0.3595110610565587,0.7536005164834216,0.6147263762957768,0.5767003481063679,0,0,0,1,0,0
0.5501923962940163,0.5131428170987866,0.5543569671109139,0.3297398667700769,0,0,0,0,1,0
0.35253107487137186,0.4215301290875037,0.331362479130976,0.3006364879402957,1,0,0,0,0,0
0.3132475771567679,0.6648946040348365,0.5899440767908279,0.5837205432866159,0,0,0,1,0,0
0.5358187746771933,0.4671826033713117,0.7472062028771415,0.5728618765958936,0,1,0,0,0,0
0.6115939180081914,0.21305913064372053,0.7550050304614839,0.4489119924006341,0,1,0,0,0,0
0.4139594835889533,0.2824001119685779,0.5517258512390002,0.3603008315482184,0,0,1,0,0,0
0.4756099141293802,0.6749012449888668,0.23523261849008015,0.27352415996785445,0,0,1,0,0,0
0.5265354940120135,1.0,0.20761364744645736,0.4383023947689613,0,1,0,0,0,0
0.30790762157281365,0.5173252672661095,0.6734996312873146,0.5607389120159275,0,1,0,0,0,0
0.3093485743162329,0.2432942490298261,0.36811821162873404,0.350694469297328,1,0,0,0,0,0
0.4700675516139857,0.4643660166412273,0.22550879191936501,0.20222336260266416,0,0,0,1,0,0
0.1981087896172912,0.6195994435242148,0.3342848859246977,0.3993321841939012,0,0,0,1,0,0
0.6826644364526416,0.6753256337241365,0.5307048845312473,0.4617947155204025,0,0,0,1,0,0
0.3264416309389668,0.9360406814414131,0.35230734986447704,0.5380775688137295,0,0,0,1,0,0
0.2954031295948763,0.3791029749544328,0.3586954475898383,0.4072346996588483,0,1,0,0,0,0
0.533034730863401,0.43905137893697294,0.30916968224267866,0.8780626523233683,0,1,0,0,0,0
0.21269276784409716,0.31762907902256804,0.7579192285766505,0.5085276579037898,1,0,0,0,0,0
0.34778293226307866,0.6840797977902257,0.27437055155217344,0.3333230984431736,0,0,0,1,0,0
0.4871815324371814,0.5707088332125761,0.6229161440227043,0.3109356719416821,0,0,0,1,0,0
0.33031949271270983,0.7168094961881181,0.3997853100369517,0.15759843146753535,0,0,1,0,0,0
0.2866916359245163,0.28787286116065924,0.3989165844106507,0.6970148727510603,0,0,0,0,1,0
0.3293832170052798,0.7599601366166309,0.22489398868139387,0.4081557223191583,0,1,0,0,0,0
0.7403123743876209,0.5638281592043698,0.7916529712620527,0.5542906090598819,0,1,0,0,0,0
0.5709993431383058,0.7254505400278517,0.7385879914422299,0.5604649576507542,0,1,0,0,0,0
0.5769672272711012,0.4133288162207864,0.5744897533573844,0.4494874001589649,0,1,0,0,0,0
0.4296948475807842,0.4095808303321001,0.6021722363612484,0.4786939552692763,0,1,0,0,0,0
0.12043204026960873,0.6912555992453085,0.4371902576761303,0.4207602772351428,1,0,0,0,0,0
0.3805962352326629,0.5616348480595834,0.2659190825447105,0.219200408869285,0,0,0,1,0,0
0.4940616062045604,0.6851399278378738,0.663955948429666,0.5306199883644565,0,0,0,1,0,0
0.3351416800885596,0.3656706541719349,0.24719369763140614,0.3017740810151845,0,1,0,0,0,0
0.4938891603368497,0.6565006721068438,0.7762519838386587,0.6297150805354382,0,0,0,1,0,0
0.3314831495163881,0.550737028251686,0.6971153312862904,0.5770985894456273,0,0,0,1,0,0
0.5011977286174164,0.5483681582700566,0.6396160487666956,0.7743874226679698,1,0,0,0,0,0
0.4540042527310372,0.4121321676296524,0.7371447268788197,0.4819249697063481,1,0,0,0,0,0
0.2513377155895588,0.3582840389060967,0.5667756186176923,0.6394074591528147,1,0,0,0,0,0
0.4544087197177669,0.5900065678599504,0.5636595799962679,0.5983372003602576,0,0,0,1,0,0
0.5060119604429549,0.15356606061062214,0.4469132080841509,0.5128331921840537,0,0,0,0,1,0
0.2370913649186435,0.7000797832164153,0.557378028204559,0.33499477236267505,0,0,1,0,0,0
0.3829553542206319,0.449633520123755,0.46362072810268107,0.4926145585012189,0,0,0,1,0,0
0.2206178070737992,0.6536167950034993,0.4175372517930383,0.2692985707838597,0,1,0,0,0,0
0.5272524243049119,0.3209245770951177,0.5854263718100161,0.6248997613899202,0,0,1,0,0,0
0.32886789111772674,0.6669763372118368,0.5392322496274106,0.15084762389464615,0,1,0,0,0,0
0.4794318954409496,0.3508831470344157,0.7225214298174563,0.4918935875007413,0,0,0,0,1,0
0.7333905757073006,0.18836596333258224,0.5022641827061886,0.6631196303677144,0,1,0,0,0,0
0.15990993538801446,0.5290537381908346,0.3652021842164486,0.17158848502967922,0,0,0,1,0,0
0.7214682861315215,0.43217875415144064,0.6873564035287503,0.5564796038436594,0,0,1,0,0,0
0.3973807022599403,0.7651188426954001,0.34271390186572803,0.3735605019385111,0,1,0,0,0,0
0.4951192041453382,0.241558293559998,0.5534399161066396,0.6323884237182542,0,1,0,0,0,0
0.4558030039753957,0.5120274928401471,0.6591216165998373,0.4768894505802285,0,0,0,0,1,0
0.3851995425307734,0.4793658302040655,0.6397527362121581,0.5510321580890645,0,1,0,0,0,0
0.20257871878334366,0.5681083739003181,0.4175364487718448,0.057892979303222875,0,0,0,1,0,0
0.37941779965533823,0.5584484666726003,0.20008680270402304,0.32760056632502194,0,0,0,0,1,0
0.5656137564921461,0.4361533430532443,0.5068441470403571,0.8658926947328881,0,0,0,1,0,0
0.28241049159932596,0.3186767982312148,0.4603648418865787,0.5408020152182237,0,0,1,0,0,0
0.19132663232481886,0.7593288692632891,0.2939954671441677,0.496702861548321,0,0,0,1,0,0
0.3563592466740649,0.5100652734511394,0.5115192733257167,0.3830502250291528,0,1,0,0,0,0
0.28895421107029184,0.604120122406464,0.3587542819886238,0.0,0,0,0,1,0,0
0.34722478319114913,0.3859518840586749,0.32055448587244434,0.3384406324147977,0,1,0,0,0,0
0.71443285408905,0.5755908581827267,0.5001139805177142,0.5064882053076755,0,0,1,0,0,0
0.480217034380478,0.6947974987209152,0.7170459900279681,0.6239581352493109,0,0,0,1,0,0
0.4222097616675548,0.5952838353596738,0.5752154257128477,0.6099992095667448,0,1,0,0,0,0
0.2429665874780997,0.25739647128402915,0.7095958577488716,0.3942087820220075,0,1,0,0,0,0
0.41581564390039455,0.6238538599700194,0.7530401172733558,0.7549113469007266,0,1,0,0,0,0
0.3469308270481787,0.4872866220048272,0.4251255894659688,0.3444282227750606,0,1,0,0,0,0
0.4548995589406311,0.6868535385006524,0.4174664969502051,0.31260457274911563,0,1,0,0,0,0
0.5054236386407939,0.4890920153504629,0.7493912253381266,0.7347154478163384,0,0,0,0,1,0
0.2312759597467828,0.8313664075744046,0.3386083150554865,0.260805818311307,0,0,0,1,0,0
0.4697360132161851,0.4287560994387246,0.3967585977626799,0.4365391897661071,0,0,0,1,0,0
0.2684925259174797,0.4895529952156062,0.3225909680484225,0.3490442691873483,0,1,0,0,0,0
0.4937668756666026,0.5645140462929897,0.6491256133478961,0.5871956276213068,0,0,0,1,0,0
0.5135947742646988,0.4189147486794909,0.4064501125557379,0.3471528963661099,0,0,0,1,0,0
0.3595275124758022,0.25280882293776197,0.6012323024166027,0.1899501977257117,0,0,1,0,0,0
0.4948880919548143,0.5761509833075097,0.8135033487637253,0.4713864460245072,1,0,0,0,0,0
0.5068600369091073,0.5689802422228659,0.6003196375001636,0.5122428021837505,0,1,0,0,0,0
0.39612078571899817,0.575536998284105,0.3604658899167624,0.26163666494058063,0,0,0,0,1,0
0.4083800093234144,0.6634432082134547,0.4449459318586276,0.2794502481790517,0,1,0,0,0,0
0.4155166826053916,0.4031001169816175,0.5049407472632599,0.2614238223778351,0,0,0,1,0,0
0.38474373743219575,0.3854804162379371,0.4337979223642073,0.4486262994611071,0,0,0,1,0,0
0.5774060685703141,0.7221066631650427,0.371622204253412,0.1580937516457887,0,1,0,0,0,0
0.15397522105847722,0.4886439815989039,0.38082677501525225,0.3303850168126365,0,0,0,1,0,0
0.19966145321110207,0.5936000838139164,0.16023136448399264,0.5214946768273494,0,1,0,0,0,0
0.30316603749710386,0.31848718538290005,0.2456283304033661,0.526572077884535,0,1,0,0,0,0
0.513169619618553,0.5261688515212875,0.4662022108413995,0.2959327724128374,0,0,1,0,0,0
0.4140753382312449,0.2025878424603994,0.6344570336872036,0.7197872782652576,0,0,0,1,0,0
0.32957926996414194,0.6147159489178701,0.7858821303672057,0.5290022867694378,0,0,0,1,0,0
0.12381822355185144,0.6324578174306703,0.3951609332779572,0.17139701313221453,0,1,0,0,0,0
0.4050030054613637,0.3271962113617836,0.4242408531212625,0.24762439395643224,0,0,0,1,0,0
0.4621913958975519,0.6813593838348452,0.4045641648562693,0.530211874772025,0,0,0,1,0,0
0.5450554047975797,0.2968176957192359,0.7090766583494612,0.5408619573433578,0,0,0,1,0,0
0.7928417096892332,0.7214385259218277,0.7056824843112062,0.5002845066803442,1,0,0,0,0,0
0.3163796825363479,0.4051041970482037,0.48716799615955897,0.5090766795067948,0,1,0,0,0,0
0.3250876928288323,0.5943332873030286,0.5167208153742644,0.4262784520840023,0,0,0,1,0,0
0.3108115903215481,0.5098116873758369,0.8760835169811404,0.4804747824666565,0,0,0,0,1,0
0.4137274156699065,0.3939872777779249,0.4200365358403835,0.4450815782380491,0,0,0,0,0,1
0.6658816677029052,0.7620995745789226,0.6301892026042181,0.9224917592413308,0,0,0,1,0,0
0.3295396495277713,0.5020890254750566,0.5429602948715869,0.5126825457334073,0,0,0,0,0,1
0.6702282409323267,0.3082909771899206,0.8068222805621802,0.7407633782486223,0,0,0,1,0,0
0.3791186631296018,0.6643323346206543,0.4116632720850588,0.1728887657258863,0,0,0,0,1,0
0.6009646914520166,0.4964516174919518,0.6098696025416723,0.6862369702605535,0,0,0,0,0,1
0.6124832038063059,0.2710447060925911,0.7394714132969522,0.7994150743303566,0,1,0,0,0,0
0.3824308726208264,0.6385851147655892,0.3248047019323915,0.38026862051146254,0,0,0,1,0,0
0.3737531675751869,0.5412538109601003,0.6479680461191798,0.5002317840159538,0,0,0,1,0,0
0.4258721061233085,0.7675158382730686,0.4201576283262472,0.2666159928889361,0,1,0,0,0,0
0.3760153440558161,0.5115635776590389,0.6125272439279379,0.14187453182895654,0,1,0,0,0,0
0.5755823485659279,0.4892514777982976,0.4326519420019263,0.34366566572712,1,0,0,0,0,0
0.5764980137493205,0.5346830744152508,0.6941419627255173,0.5904048596109976,0,1,0,0,0,0
0.12152175737701665,0.2416253019388964,0.2351399876133479,0.35688873465647697,0,0,0,1,0,0
0.5677036302606289,0.6023851226199484,0.6312639091360811,0.5665493825547697,0,1,0,0,0,0
0.2549286814149584,0.6149309765114882,0.2714528130683119,0.3260314494949674,0,1,0,0,0,0
0.3268076674320234,0.3266028330017409,0.5571903976680811,0.5670432665022421,0,0,0,0,1,0
0.5889278936842108,0.5729764083385109,0.6063949585195861,0.5908059068093521,0,0,0,0,1,0
0.534403703126003,0.3747957645708044,0.4610114641460286,0.6316557576976848,0,0,0,1,0,0
0.22240287356297206,0.6444399912301582,0.5237549068591283,0.29585904682886977,0,0,0,1,0,0
0.3464713936741479,0.6322228952541871,0.4364108408410773,0.2790547503174927,0,1,0,0,0,0
0.5621734163398626,0.7111071642990058,0.6021340865802338,0.5425857864845062,0,1,0,0,0,0
0.5422613374509694,0.4945874976344352,0.6645135717049054,0.5821304034900611,0,1,0,0,0,0
0.5128113695536631,0.2922262495063947,0.3621082079715759,0.6629255024370009,0,1,0,0,0,0
0.2804961402936706,0.5913693932596328,0.2258216333864204,0.27341315063426685,0,1,0,0,0,0
0.3122351643115108,0.7665938211534642,0.316038786115282,0.3363753769381051,0,0,0,1,0,0
0.4286171699593184,0.6059574791418952,0.5049351952672163,0.583252163792565,0,1,0,0,0,0
0.5496917500632343,0.5600106527018318,0.4497502631736108,0.4464855552551987,0,1,0,0,0,0
0.4457060298284061,0.6668649973358806,0.6424608810405091,0.7531571906418796,0,1,0,0,0,0
0.3563410446533098,0.7141193197435289,0.3147506974934544,0.21387416672244944,1,0,0,0,0,0
0.39646444191181024,0.2894384918287329,0.4168757041208541,0.6322238150099497,0,0,0,0,0,1
0.5366173409720927,0.570873054682669,0.3321467444106677,0.625818509208283,1,0,0,0,0,0
0.44640522554609796,0.3847624723433853,0.6905163469960328,0.4079760435496752,0,1,0,0,0,0
0.4441841353358505,0.37696429867319003,0.844966569721814,0.2917862577408698,1,0,0,0,0,0
0.2537870694350175,0.2449789632304533,0.493914225948113,0.4359524754760565,0,0,0,1,0,0
0.3292584914744489,0.6388482736579941,0.7318181002004801,0.5538740933921957,0,0,0,0,1,0
0.3615392166963684,0.42763886642896703,0.4529091076280578,0.5340688481516157,0,1,0,0,0,0
0.15941784447682733,0.8208730341565178,0.42862191786545656,0.0794510937474607,0,1,0,0,0,0
0.5953648453903516,0.4280879265030356,0.6122513342452856,0.3265944951563982,0,0,0,1,0,0
0.4157935179970537,0.946246924212641,0.42810696214564536,0.3543862592921605,0,1,0,0,0,0
0.5863647804488342,0.5429280116666421,0.5260042890733546,0.6988923042743628,1,0,0,0,0,0
0.6827362586213996,0.5830412864276124,0.5250006264713919,0.4086512272570266,0,0,0,1,0,0
0.2408864676910042,0.6326459988613098,0.37176370888248383,0.019438236596011276,1,0,0,0,0,0
0.20914105111243614,0.35689619493181884,0.4653907998959407,0.2213936296034907,0,0,0,0,1,0
0.35298178682104103,0.780451925467967,0.3235503578030113,0.4085428890663272,0,0,1,0,0,0
0.5009513756678143,0.4756115716522215,0.5150518317466897,0.5862344777064505,0,0,0,1,0,0
0.5468885634681441,0.46113104359181106,0.35636870637603435,0.27123433756608795,0,0,1,0,0,0
0.3889993274509783,0.4215689857367156,0.4617509460321566,0.6390990972890823,0,0,0,0,1,0
0.5440494141476854,0.3903219212457374,0.4575189761383052,0.4838160776908416,0,0,0,0,1,0
0.5996678668529554,0.3766925144678376,0.7981472940538821,0.28544722762085595,0,1,0,0,0,0
0.7422308753759779,0.22216206491333848,0.9998409353640688,0.7012410609965897,0,0,0,1,0,0
0.5344805429114484,0.5901232876516092,0.6671484623850706,0.6627421601241374,0,0,0,1,0,0
0.3685116304778206,0.5247533311555668,0.6520496362735653,0.6048148844648011,0,0,0,0,1,0
0.4939441988274084,0.454502797624349,0.5018959697864871,0.5964305299147631,0,0,0,1,0,0
0.4730987411897035,0.23493720314780156,0.3788780398660684,0.575423211429828,0,1,0,0,0,0
0.2480902659073821,0.3755334942022808,0.3191594804124451,0.5215226758076992,0,0,0,1,0,0
0.4418099110029505,0.18824229243045365,0.5492013138917722,0.5906091413286165,0,0,0,1,0,0
0.37751967216478055,0.5908002727146612,0.5581591232556733,0.2472817059685385,0,1,0,0,0,0
0.4088712179213722,0.6226497348632692,0.7383633686558156,0.602784226604599,0,1,0,0,0,0
0.43239014200611575,0.4054429081494342,0.6365427612922235,0.4975436980461207,0,0,0,0,1,0
0.30148112854137593,0.5745413889036604,0.3827502018436085,0.34519113349930103,0,0,0,1,0,0
0.26957517569865497,0.5215048694642801,0.15857461052363706,0.39849399373565936,0,1,0,0,0,0
0.3105624475353331,0.7413292627155533,0.785861152703,0.625855631579269,0,1,0,0,0,0
0.5478550221745124,0.6876118711240358,0.6815169415972667,0.6789705176587983,0,1,0,0,0,0
0.2377975503076596,0.4215345705951943,0.5010417952541173,0.47686123227609,0,1,0,0,0,0
0.4798654533916391,0.6061152956636793,0.43675878842247584,0.7474486919275959,0,0,0,1,0,0
0.2809770426986982,0.2357681126373447,0.2747504051542137,0.14731136745357065,0,1,0,0,0,0
0.6033054288972668,0.6072371969766933,0.5162534942419771,0.664046566366949,0,0,0,1,0,0
0.4521322884376673,0.5816810953921222,0.5124138887543578,0.6424825076369135,0,1,0,0,0,0
0.36935338925338107,0.5744807695544699,0.40853258074632004,0.2138820027977949,0,0,0,1,0,0
0.4757596862905027,0.4755147715295959,0.7522496831538252,0.8132563259549813,0,0,0,1,0,0
0.5785444427661345,0.5877669887728253,0.3936119578310074,0.7905853159203715,1,0,0,0,0,0
0.4181443033730796,0.4662239140445333,0.4462825503172631,0.6125871110285194,0,0,0,1,0,0
0.4219889337410464,0.6089377338393451,0.7517744232162479,0.6075314817808185,0,0,0,0,1,0
0.5071162805259092,0.5778561512131284,0.3217200096257581,0.3695504549488844,0,0,1,0,0,0
0.2820768132733049,0.6553378142771656,0.3855020941958224,0.3698515981888488,0,0,0,0,1,0
0.317346127891784,0.5228750992985444,0.5018565255119848,0.5876764711649266,0,0,0,1,0,0
0.22537650976365375,0.5923669656051938,0.2699319669874713,0.27352808552697666,0,0,1,0,0,0
0.10426174277481162,0.7121082760388406,0.42078829819045255,0.2875876481845209,0,0,0,0,0,1
0.4197042288468951,0.3481519090127134,0.5100838195412023,0.37729687499280623,0,1,0,0,0,0
0.40652266579289215,0.485848469630455,0.6076231948729031,0.6933120717005687,0,0,0,1,0,0
0.4547653994930294,0.60924808388878,0.6719341850551729,0.4750515665295052,0,0,0,0,1,0
0.39546256292452575,0.5292274952410894,0.2259624857334317,0.2601612851802624,0,0,0,1,0,0
0.6322145259113862,0.4927754547648828,0.4566656872448879,0.4463517390929668,0,0,0,1,0,0
0.2940163355585526,0.571567489997207,0.3907359838641278,0.5242389991991264,0,1,0,0,0,0
0.378876820827792,0.3138358701263232,0.6270820334924967,0.4041956821132937,1,0,0,0,0,0
0.08133877297462674,0.4732520152952852,0.4992006619939038,0.23337576779463695,0,0,1,0,0,0
0.2459980339483632,0.6562425334697574,0.4815453301532887,0.06947943599105064,0,0,0,0,0,1
0.18065481886998186,0.712940464822041,0.3861788023014141,0.25549624532946924,0,1,0,0,0,0
0.4707264554905934,0.6716222339260971,0.7242040111926005,0.5191060388686377,0,1,0,0,0,0
0.4708544626336483,0.5457437602353137,0.17361705880246886,0.3685885745228707,0,0,0,1,0,0
0.3455534775434935,0.4991412465079527,0.6028036860662531,0.7149648831190777,0,0,0,0,1,0
0.6670387959960258,0.5168491607433907,0.8419458091113737,0.6291207643273653,0,1,0,0,0,0
0.2469468576564769,0.6808735064015767,0.310767847326818,0.3891234118532864,0,0,0,0,1,0
0.6970773115494835,0.4009833250212736,0.7781194321940467,0.6335460808948606,0,0,0,1,0,0
0.5286968307487865,0.6977040226927095,0.151532439832786,0.2558912131282485,1,0,0,0,0,0
0.5689027571035806,0.4378496810731459,0.5475044662844424,0.5235873820158474,0,0,1,0,0,0
0.5256702438646049,0.4608647197753725,0.6597153044809095,0.5450230869435263,0,1,0,0,0,0
0.3228445996740023,0.5988987702049376,0.5037758643669781,0.6791682702131585,0,0,0,0,1,0
0.4425084785650099,0.5288045696132504,0.3933644851959032,0.2255920106899398,0,0,0,1,0,0
0.490843079422927,0.3803183670475333,0.5639859957929828,0.2957124044566328,0,0,0,1,0,0
0.2293253789416753,0.5841135407551247,0.3644420680796746,0.40985527232669866,0,1,0,0,0,0
0.4798039812883929,0.7437667575273824,0.2831416553932847,0.4905485590553518,1,0,0,0,0,0
0.3984830031268196,0.4495503114188518,0.6664110976654781,0.5447425276366072,0,0,1,0,0,0
0.5413531888176186,0.6845920706387648,0.7025457246032077,0.5798898292989817,1,0,0,0,0,0
0.4525083775824246,0.06583832244898044,0.15941607888772955,0.3337749476425184,0,0,0,1,0,0
0.5842228367188558,0.4326186501591624,0.6755808043434651,0.542931307483179,0,1,0,0,0,0
0.3623382310715588,0.5807382947123437,0.4984418230355974,0.35269070215496073,0,0,0,1,0,0
0.3662276647464828,0.6825017938308631,0.8578172348542199,0.4612940779505166,0,0,0,1,0,0
0.4983141791013112,0.3740591817820526,0.4066184575928734,0.4132505256431665,0,0,0,1,0,0
0.4729870618069618,0.5430865946049376,0.6448241753036719,0.4160427521059445,0,0,0,1,0,0
0.4970216966889646,0.4312111454133839,0.6194551465074561,0.6608238789664583,0,1,0,0,0,0
0.4370958631554999,0.5452491027954017,0.27015415854189184,0.3147107000412252,0,1,0,0,0,0
0.3076441102844663,0.5992165483011355,0.5782938822071038,0.21554219675488934,1,0,0,0,0,0
0.5611841779482624,0.2783310298918879,0.6992667628877934,0.5546760346041134,0,0,0,1,0,0
0.5552415173093617,0.332323137056957,0.6342956981796333,0.7097365837714882,1,0,0,0,0,0
0.35192302316137825,0.2936184321489193,0.5406705014950834,0.7964180369671884,0,0,0,1,0,0
0.4011788964658773,0.34688114794422503,0.5737227960320397,0.4177283996086512,0,1,0,0,0,0
0.4975558229162766,0.3364805022752795,0.4765960471374961,0.5056955990539572,0,0,0,1,0,0
0.3447601343313568,0.7604891384809525,0.31530497894270504,0.2998737063562351,0,1,0,0,0,0
0.4973348438913426,0.6036575623053008,0.8007469117801166,0.7114932266181686,0,0,1,0,0,0
0.6502889345718917,0.3406602709932293,0.6113599325976219,0.4992693396429319,0,1,0,0,0,0
0.487515630655963,0.4567954683157817,0.6912510876757189,0.6874193656151879,0,0,0,0,1,0
0.6026294661704815,0.7324977157120338,0.6275185500798994,0.8150083867631934,0,1,0,0,0,0
0.3775725702958888,0.39015793080049815,0.6964648289002103,0.3553731859893817,0,0,1,0,0,0
0.2291612575282136,0.6012646957957479,0.19128218187643498,0.4751151207007034,0,0,0,1,0,0
0.5104973968247725,0.4983474541673617,0.7080199158094475,0.7141538544081929,0,1,0,0,0,0
0.33147215359934745,0.7658345649295655,0.3382066518541627,0.19343091476467486,0,0,0,1,0,0
0.2567891927553072,0.6918024425042691,0.4151968053837178,0.3489712010801874,0,1,0,0,0,0
0.3295396495277713,0.5020890254750566,0.5429602948715869,0.5126825457334073,0,0,0,0,0,1
0.6702282409323267,0.3082909771899206,0.8068222805621802,0.7407633782486223,0,0,0,1,0,0
0.3791186631296018,0.6643323346206543,0.4116632720850588,0.1728887657258863,0,0,0,0,1,0
0.6009646914520166,0.4964516174919518,0.6098696025416723,0.6862369702605535,0,0,0,0,0,1
0.6124832038063059,0.2710447060925911,0.7394714132969522,0.7994150743303566,0,1,0,0,0,0
0.3824308726208264,0.6385851147655892,0.3248047019323915,0.38026862051146254,0,0,0,1,0,0
0.3737531675751869,0.5412538109601003,0.6479680461191798,0.5002317840159538,0,0,0,1,0,0
0.4258721061233085,0.7675158382730686,0.4201576283262472,0.2666159928889361,0,1,0,0,0,0
0.3760153440558161,0.5115635776590389,0.6125272439279379,0.14187453182895654,0,1,0,0,0,0
0.5755823485659279,0.4892514777982976,0.4326519420019263,0.34366566572712,1,0,0,0,0,0
0.5764980137493205,0.5346830744152508,0.6941419627255173,0.5904048596109976,0,1,0,0,0,0
0.12152175737701665,0.2416253019388964,0.2351399876133479,0.35688873465647697,0,0,0,1,0,0
0.5677036302606289,0.6023851226199484,0.6312639091360811,0.5665493825547697,0,1,0,0,0,0
0.2549286814149584,0.6149309765114882,0.2714528130683119,0.3260314494949674,0,1,0,0,0,0
0.3268076674320234,0.3266028330017409,0.5571903976680811,0.5670432665022421,0,0,0,0,1,0
0.5889278936842108,0.5729764083385109,0.6063949585195861,0.5908059068093521,0,0,0,0,1,0
0.534403703126003,0.3747957645708044,0.4610114641460286,0.6316557576976848,0,0,0,1,0,0
0.22240287356297206,0.6444399912301582,0.5237549068591283,0.29585904682886977,0,0,0,1,0,0
0.3464713936741479,0.6322228952541871,0.4364108408410773,0.2790547503174927,0,1,0,0,0,0
0.5621734163398626,0.7111071642990058,0.6021340865802338,0.5425857864845062,0,1,0,0,0,0
0.5422613374509694,0.4945874976344352,0.6645135717049054,0.5821304034900611,0,1,0,0,0,0
0.5128113695536631,0.2922262495063947,0.3621082079715759,0.6629255024370009,0,1,0,0,0,0
0.2804961402936706,0.5913693932596328,0.2258216333864204,0.27341315063426685,0,1,0,0,0,0
0.3122351643115108,0.7665938211534642,0.316038786115282,0.3363753769381051,0,0,0,1,0,0
0.4286171699593184,0.6059574791418952,0.5049351952672163,0.583252163792565,0,1,0,0,0,0
0.5496917500632343,0.5600106527018318,0.4497502631736108,0.4464855552551987,0,1,0,0,0,0
0.4457060298284061,0.6668649973358806,0.6424608810405091,0.7531571906418796,0,1,0,0,0,0
0.3563410446533098,0.7141193197435289,0.3147506974934544,0.21387416672244944,1,0,0,0,0,0
0.39646444191181024,0.2894384918287329,0.4168757041208541,0.6322238150099497,0,0,0,0,0,1
0.5366173409720927,0.570873054682669,0.3321467444106677,0.625818509208283,1,0,0,0,0,0
0.44640522554609796,0.3847624723433853,0.6905163469960328,0.4079760435496752,0,1,0,0,0,0
0.4441841353358505,0.37696429867319003,0.844966569721814,0.2917862577408698,1,0,0,0,0,0
0.2537870694350175,0.2449789632304533,0.493914225948113,0.4359524754760565,0,0,0,1,0,0
0.3292584914744489,0.6388482736579941,0.7318181002004801,0.5538740933921957,0,0,0,0,1,0
0.3615392166963684,0.42763886642896703,0.4529091076280578,0.5340688481516157,0,1,0,0,0,0
0.15941784447682733,0.8208730341565178,0.42862191786545656,0.0794510937474607,0,1,0,0,0,0
0.5953648453903516,0.4280879265030356,0.6122513342452856,0.3265944951563982,0,0,0,1,0,0
0.4157935179970537,0.946246924212641,0.42810696214564536,0.3543862592921605,0,1,0,0,0,0
0.5863647804488342,0.5429280116666421,0.5260042890733546,0.6988923042743628,1,0,0,0,0,0
0.6827362586213996,0.5830412864276124,0.5250006264713919,0.4086512272570266,0,0,0,1,0,0
0.2408864676910042,0.6326459988613098,0.37176370888248383,0.019438236596011276,1,0,0,0,0,0
0.20914105111243614,0.35689619493181884,0.4653907998959407,0.2213936296034907,0,0,0,0,1,0
0.35298178682104103,0.780451925467967,0.3235503578030113,0.4085428890663272,0,0,1,0,0,0
0.5009513756678143,0.4756115716522215,0.5150518317466897,0.5862344777064505,0,0,0,1,0,0
0.5468885634681441,0.46113104359181106,0.35636870637603435,0.27123433756608795,0,0,1,0,0,0
0.3889993274509783,0.4215689857367156,0.4617509460321566,0.6390990972890823,0,0,0,0,1,0
0.5440494141476854,0.3903219212457374,0.4575189761383052,0.4838160776908416,0,0,0,0,1,0
0.5996678668529554,0.3766925144678376,0.7981472940538821,0.28544722762085595,0,1,0,0,0,0
0.7422308753759779,0.22216206491333848,0.9998409353640688,0.7012410609965897,0,0,0,1,0,0
0.5344805429114484,0.5901232876516092,0.6671484623850706,0.6627421601241374,0,0,0,1,0,0
0.3685116304778206,0.5247533311555668,0.6520496362735653,0.6048148844648011,0,0,0,0,1,0
0.4939441988274084,0.454502797624349,0.5018959697864871,0.5964305299147631,0,0,0,1,0,0
0.4730987411897035,0.23493720314780156,0.3788780398660684,0.575423211429828,0,1,0,0,0,0
0.2480902659073821,0.3755334942022808,0.3191594804124451,0.5215226758076992,0,0,0,1,0,0
0.4418099110029505,0.18824229243045365,0.5492013138917722,0.5906091413286165,0,0,0,1,0,0
0.37751967216478055,0.5908002727146612,0.5581591232556733,0.2472817059685385,0,1,0,0,0,0
0.4088712179213722,0.6226497348632692,0.7383633686558156,0.602784226604599,0,1,0,0,0,0
0.43239014200611575,0.4054429081494342,0.6365427612922235,0.4975436980461207,0,0,0,0,1,0
0.30148112854137593,0.5745413889036604,0.3827502018436085,0.34519113349930103,0,0,0,1,0,0
0.26957517569865497,0.5215048694642801,0.15857461052363706,0.39849399373565936,0,1,0,0,0,0
0.3105624475353331,0.7413292627155533,0.785861152703,0.625855631579269,0,1,0,0,0,0
0.5478550221745124,0.6876118711240358,0.6815169415972667,0.6789705176587983,0,1,0,0,0,0
0.2377975503076596,0.4215345705951943,0.5010417952541173,0.47686123227609,0,1,0,0,0,0
0.4798654533916391,0.6061152956636793,0.43675878842247584,0.7474486919275959,0,0,0,1,0,0
0.2809770426986982,0.2357681126373447,0.2747504051542137,0.14731136745357065,0,1,0,0,0,0
0.6033054288972668,0.6072371969766933,0.5162534942419771,0.664046566366949,0,0,0,1,0,0
0.4521322884376673,0.5816810953921222,0.5124138887543578,0.6424825076369135,0,1,0,0,0,0
0.36935338925338107,0.5744807695544699,0.40853258074632004,0.2138820027977949,0,0,0,1,0,0
0.4757596862905027,0.4755147715295959,0.7522496831538252,0.8132563259549813,0,0,0,1,0,0
0.5785444427661345,0.5877669887728253,0.3936119578310074,0.7905853159203715,1,0,0,0,0,0
0.4181443033730796,0.4662239140445333,0.4462825503172631,0.6125871110285194,0,0,0,1,0,0
0.4219889337410464,0.6089377338393451,0.7517744232162479,0.6075314817808185,0,0,0,0,1,0
0.5071162805259092,0.5778561512131284,0.3217200096257581,0.3695504549488844,0,0,1,0,0,0
0.2820768132733049,0.6553378142771656,0.3855020941958224,0.3698515981888488,0,0,0,0,1,0
0.317346127891784,0.5228750992985444,0.5018565255119848,0.5876764711649266,0,0,0,1,0,0
0.22537650976365375,0.5923669656051938,0.2699319669874713,0.27352808552697666,0,0,1,0,0,0
0.10426174277481162,0.7121082760388406,0.42078829819045255,0.2875876481845209,0,0,0,0,0,1
0.4197042288468951,0.3481519090127134,0.5100838195412023,0.37729687499280623,0,1,0,0,0,0
0.40652266579289215,0.485848469630455,0.6076231948729031,0.6933120717005687,0,0,0,1,0,0
0.4547653994930294,0.60924808388878,0.6719341850551729,0.4750515665295052,0,0,0,0,1,0
0.39546256292452575,0.5292274952410894,0.2259624857334317,0.2601612851802624,0,0,0,1,0,0
0.6322145259113862,0.4927754547648828,0.4566656872448879,0.4463517390929668,0,0,0,1,0,0
0.2940163355585526,0.571567489997207,0.3907359838641278,0.5242389991991264,0,1,0,0,0,0
0.378876820827792,0.3138358701263232,0.6270820334924967,0.4041956821132937,1,0,0,0,0,0
0.08133877297462674,0.4732520152952852,0.4992006619939038,0.23337576779463695,0,0,1,0,0,0
0.2459980339483632,0.6562425334697574,0.4815453301532887,0.06947943599105064,0,0,0,0,0,1
0.18065481886998186,0.712940464822041,0.3861788023014141,0.25549624532946924,0,1,0,0,0,0
0.4707264554905934,0.6716222339260971,0.7242040111926005,0.5191060388686377,0,1,0,0,0,0
0.4708544626336483,0.5457437602353137,0.17361705880246886,0.3685885745228707,0,0,0,1,0,0
0.3455534775434935,0.4991412465079527,0.6028036860662531,0.7149648831190777,0,0,0,0,1,0
0.6670387959960258,0.5168491607433907,0.8419458091113737,0.6291207643273653,0,1,0,0,0,0
0.2469468576564769,0.6808735064015767,0.310767847326818,0.3891234118532864,0,0,0,0,1,0
0.6970773115494835,0.4009833250212736,0.7781194321940467,0.6335460808948606,0,0,0,1,0,0
0.5286968307487865,0.6977040226927095,0.151532439832786,0.2558912131282485,1,0,0,0,0,0
0.5689027571035806,0.4378496810731459,0.5475044662844424,0.5235873820158474,0,0,1,0,0,0
0.5256702438646049,0.4608647197753725,0.6597153044809095,0.5450230869435263,0,1,0,0,0,0
0.3228445996740023,0.5988987702049376,0.5037758643669781,0.6791682702131585,0,0,0,0,1,0
0.4425084785650099,0.5288045696132504,0.3933644851959032,0.2255920106899398,0,0,0,1,0,0
0.490843079422927,0.3803183670475333,0.5639859957929828,0.2957124044566328,0,0,0,1,0,0
0.2293253789416753,0.5841135407551247,0.3644420680796746,0.40985527232669866,0,1,0,0,0,0
0.4798039812883929,0.7437667575273824,0.2831416553932847,0.4905485590553518,1,0,0,0,0,0
0.3984830031268196,0.4495503114188518,0.6664110976654781,0.5447425276366072,0,0,1,0,0,0
0.5413531888176186,0.6845920706387648,0.7025457246032077,0.5798898292989817,1,0,0,0,0,0
0.4525083775824246,0.06583832244898044,0.15941607888772955,0.3337749476425184,0,0,0,1,0,0
0.5842228367188558,0.4326186501591624,0.6755808043434651,0.542931307483179,0,1,0,0,0,0
0.3623382310715588,0.5807382947123437,0.4984418230355974,0.35269070215496073,0,0,0,1,0,0
0.3662276647464828,0.6825017938308631,0.8578172348542199,0.4612940779505166,0,0,0,1,0,0
0.4983141791013112,0.3740591817820526,0.4066184575928734,0.4132505256431665,0,0,0,1,0,0
0.4729870618069618,0.5430865946049376,0.6448241753036719,0.4160427521059445,0,0,0,1,0,0
0.4970216966889646,0.4312111454133839,0.6194551465074561,0.6608238789664583,0,1,0,0,0,0
0.4370958631554999,0.5452491027954017,0.27015415854189184,0.3147107000412252,0,1,0,0,0,0
0.3076441102844663,0.5992165483011355,0.5782938822071038,0.21554219675488934,1,0,0,0,0,0
0.5611841779482624,0.2783310298918879,0.6992667628877934,0.5546760346041134,0,0,0,1,0,0
0.5552415173093617,0.332323137056957,0.6342956981796333,0.7097365837714882,1,0,0,0,0,0
0.35192302316137825,0.2936184321489193,0.5406705014950834,0.7964180369671884,0,0,0,1,0,0
0.4011788964658773,0.34688114794422503,0.5737227960320397,0.4177283996086512,0,1,0,0,0,0
0.4975558229162766,0.3364805022752795,0.4765960471374961,0.5056955990539572,0,0,0,1,0,0
0.3447601343313568,0.7604891384809525,0.31530497894270504,0.2998737063562351,0,1,0,0,0,0
0.4973348438913426,0.6036575623053008,0.8007469117801166,0.7114932266181686,0,0,1,0,0,0
0.6502889345718917,0.3406602709932293,0.6113599325976219,0.4992693396429319,0,1,0,0,0,0
0.487515630655963,0.4567954683157817,0.6912510876757189,0.6874193656151879,0,0,0,0,1,0
0.6026294661704815,0.7324977157120338,0.6275185500798994,0.8150083867631934,0,1,0,0,0,0
0.3775725702958888,0.39015793080049815,0.6964648289002103,0.3553731859893817,0,0,1,0,0,0
0.2291612575282136,0.6012646957957479,0.19128218187643498,0.4751151207007034,0,0,0,1,0,0
0.5104973968247725,0.4983474541673617,0.7080199158094475,0.7141538544081929,0,1,0,0,0,0
0.33147215359934745,0.7658345649295655,0.3382066518541627,0.19343091476467486,0,0,0,1,0,0
0.2567891927553072,0.6918024425042691,0.4151968053837178,0.3489712010801874,0,1,0,0,0,0
0.5277621870564683,0.6858696268930651,0.5844348854528356,0.5571361352049744,1,0,0,0,0,0
0.4212165789711813,0.5491650001888863,0.4741284357838143,0.4259933073478842,1,0,0,0,0,0
0.33290536848912416,0.4948954831566405,0.4747881424513825,0.5149436616217669,0,0,0,0,0,1
0.2918155291243503,0.4984004409325759,0.5876280121451709,0.2379662800942501,1,0,0,0,0,0
0.6694190901475464,0.6725879228022708,0.8830876232400002,0.5244924107920369,1,0,0,0,0,0
0.3215295334810629,0.4568228038560696,0.3201452795039712,0.41515533397257776,0,0,0,1,0,0
0.5598250745457363,0.6490876676431611,0.7592953828709256,0.6569434116684002,0,0,0,1,0,0
0.32966820876303404,0.33199874443214955,0.3964286740824388,0.5071423107372529,1,0,0,0,0,0
0.4068796467950713,0.4644902594238498,0.5381458572290391,0.6008270879099518,0,0,0,1,0,0
0.2505228367580468,0.6505063231898652,0.3849252739965029,0.3858816614586571,0,0,0,0,0,1
0.19290857200342929,0.5040901836090697,0.3836788202425789,0.30753375198551064,1,0,0,0,0,0
0.30669527603162905,0.5439048757110356,0.2530289743046057,0.385886526396036,0,1,0,0,0,0
0.3899276800513611,0.4027292855860745,0.4742546757348241,0.41931949699922855,0,0,0,1,0,0
0.2527332023614684,0.4587455024137722,0.5968352850010129,0.6830894876636203,1,0,0,0,0,0
0.6304705900407669,0.5810286766348954,0.6472514228287934,0.5052134266801225,1,0,0,0,0,0
0.476768596926305,0.4384141063893933,0.5863935520579039,0.5833937494035416,1,0,0,0,0,0
0.4307970001287445,0.4447872166811465,0.6301836580112177,0.6110125099756385,0,0,0,1,0,0
0.8170014327207992,0.40080795867151214,0.4370467247806591,0.6482301732469332,0,1,0,0,0,0
0.4973169405876106,0.4715800497245867,0.39177033383860665,0.36768871967318817,0,0,1,0,0,0
0.4039945561609049,0.6826874128762553,0.372529062910916,0.4995204310577366,1,0,0,0,0,0
0.2247975441428197,0.606908116591905,0.44672129612114186,0.4122325749081625,0,0,0,1,0,0
0.4460409758551139,0.2361419389059373,0.6209124499240235,0.612720425460397,1,0,0,0,0,0
0.4811412516657063,0.696810441096866,0.16261134044195266,0.4534650235972717,0,0,0,0,0,1
0.5949939542985202,0.5274299447627853,0.4036303110740407,0.2867936496225201,0,0,0,1,0,0
0.32703135529967603,0.6084808047653021,0.3104686239329648,0.3566989716589245,0,1,0,0,0,0
0.06103181746759154,0.5785669708276374,0.4154396195689134,0.4970978901051466,0,0,1,0,0,0
0.14507076368101954,0.3950601309303976,0.3338835278403495,0.2867734175724535,1,0,0,0,0,0
0.5408063266621841,0.3233651839767509,0.6906053188576596,0.6984804653455878,0,0,0,1,0,0
0.1009445515509307,0.6955645046333692,0.23566880684707464,0.06446826751002675,0,0,0,1,0,0
0.4532135030785802,0.4752234521836369,0.5587764002351772,0.2305229311657603,0,0,1,0,0,0
0.4896277054256568,0.5521833448748349,0.6796241520339236,0.6270302448657145,0,0,1,0,0,0
0.3404421097879367,0.5317012897841024,0.4284977335487106,0.2630632747085554,0,0,0,1,0,0
0.3060435284045266,0.5313500360629929,0.2665900033908182,0.30763000305682114,0,0,0,1,0,0
0.5107041762420627,0.6029320678907382,0.5399453057165825,0.7663107982186453,0,1,0,0,0,0
0.5072903108860567,0.7081737124336747,0.2591668565055055,0.20912935877585315,0,0,0,1,0,0
0.5715019843857816,0.3157918707393885,0.7651311048279642,0.5751389298780695,1,0,0,0,0,0
0.4984383302504508,0.6537834188650635,0.3787065562118162,0.7089807908097879,0,0,0,1,0,0
0.20888495100786847,0.3995374691727751,0.4217035629833129,0.21680029490990246,0,0,1,0,0,0
0.2717349813738951,0.5951913758590217,0.17688219160572566,0.28728979540434224,1,0,0,0,0,0
0.4521262527231393,0.6366255253835791,0.16271472424945074,0.0999041666877589,0,0,0,1,0,0
0.5655213379202007,0.422096649509632,0.5986818446671159,0.6424059676312402,1,0,0,0,0,0
0.3087546910594997,0.7050341195329825,0.6434676262105207,0.5837499669420213,1,0,0,0,0,0
0.47120115455526,0.5685423320705383,0.515442066863545,0.3887911641110499,0,0,1,0,0,0
0.6816150258023715,0.5292274653728721,0.6252424092532337,0.6153082208134042,0,0,0,1,0,0
0.24885445119214114,0.5548717595498727,0.506319610394718,0.08940215497716622,0,1,0,0,0,0
0.4654233249019936,0.09568664700163136,0.40679052213814026,0.36434106579881703,0,0,1,0,0,0
0.3674193755313768,0.5752290600318004,0.4749417583616708,0.4484017950452802,0,0,0,1,0,0
0.7308481259008561,0.5364557801829294,0.4080655861465742,0.7875127894149119,1,0,0,0,0,0
0.5254848998177738,0.6677033349281426,0.3807165833455602,0.4558445428731741,0,0,0,1,0,0
0.39983896328196455,0.7239709821866331,0.3605797954313112,0.3639124829196237,0,0,0,1,0,0
0.4151419193496131,0.6201486233553171,0.3137928944501894,0.4180526144087383,0,0,0,1,0,0
0.5664239021619079,0.4311095936650269,0.6845990131683044,0.575277204012294,0,0,0,1,0,0
0.29660452158249834,0.3521568668219183,0.90181023619074,0.5411234740544943,0,1,0,0,0,0
0.42172073418984,0.32030295214919274,0.427802093939081,0.5336957184844102,0,0,0,1,0,0
0.5176317289678591,0.3475661799907788,0.4272752269206539,0.6258241156937853,0,0,0,1,0,0
0.2725232044172437,0.3893524357424867,0.1640738194063587,0.5940883374580593,0,0,0,1,0,0
0.3283443266222831,0.6799343781401656,0.3532766829724776,0.17943754175431842,0,1,0,0,0,0
0.3571453629923807,0.4899314197129092,0.6981899841474759,0.7536870809531032,1,0,0,0,0,0
0.6221239910511766,0.5856000107674431,0.5955294577342635,0.5565001591276154,0,0,1,0,0,0
0.3962978552150852,0.4604070192512914,0.515815395861687,0.4762123660928846,0,0,0,1,0,0
0.22794779683457486,0.501056352063739,0.4711195157317104,0.6989646745309991,0,0,0,1,0,0
0.4390632860190493,0.4905148603287027,0.6547214095239163,0.40531935673773495,0,1,0,0,0,0
0.5238329301844121,0.2809651043045211,0.4756468209228536,0.6645758508325311,0,0,0,1,0,0
0.4036187136141595,0.5590108835403276,0.5897838964861386,0.4294659654920859,0,1,0,0,0,0
0.4082384968547247,0.7409136729361053,0.34893713018681266,0.3486614628789351,0,0,0,1,0,0
0.4690199209184322,0.6210631049870445,0.641630555346056,0.5984854644556219,0,0,0,1,0,0
0.322303941310501,0.5516586261954786,0.8492113552790871,0.5170909693916612,0,0,0,1,0,0
0.5055970065854175,0.451094372525746,0.6839935981346329,0.7920717584189387,0,0,0,1,0,0
0.3104620322934717,0.5676807557018035,0.19440010916066397,0.2645622676182196,0,0,0,1,0,0
0.3901449022726327,0.5541143176301444,0.5519699106914849,0.3170772946370197,0,0,1,0,0,0
0.48944632295916707,0.4154849748957757,0.8259529179718471,0.5034754896393583,0,0,0,1,0,0
0.16890850039387348,0.6488664701193185,0.3039274085244653,0.25543993488181044,1,0,0,0,0,0
0.28502209363177433,0.4923153458956908,0.7206782608955851,0.6898848077976206,1,0,0,0,0,0
0.2502931550286889,0.4088781830633378,0.4566182375844146,0.4660241540706306,0,0,0,1,0,0
0.4311850258585969,0.221793443545452,0.4915352675044641,0.29951106235165353,0,1,0,0,0,0
0.339569098440343,0.4414899582612496,0.4489891933979612,0.7567663606655737,1,0,0,0,0,0
0.5182308394104409,0.4944910151076158,0.5454432529801341,0.6003927412898974,0,0,1,0,0,0
0.5159845568291059,0.4914966936736808,0.9014667584893996,0.4480635496432016,0,0,0,1,0,0
0.5241379236461077,0.5781625799075041,0.6217871470661697,0.6893261967890804,0,0,0,0,1,0
0.4753163597993992,0.5292097601138374,0.3073575328688198,0.23036081711619424,1,0,0,0,0,0
0.6277343663920077,0.6520665637156676,0.6556438273888984,0.4591233182574154,0,1,0,0,0,0
0.6148994038783354,0.7791525749422179,0.4287174717773776,0.7924097607153152,0,0,0,1,0,0
0.275021137662658,0.6899749261931994,0.5865127801377743,0.40274855073418186,1,0,0,0,0,0
0.5244103827541664,0.4003434154034117,0.7498859491046321,0.7626759520243293,0,0,0,1,0,0
0.33455209564092464,0.5007692965584339,0.6826563169851186,0.6270858482985827,1,0,0,0,0,0
0.2844510413025236,0.22026846828299151,0.3574054492749826,0.3160726675232212,0,0,0,1,0,0
0.33657341562643056,0.24309196020508775,0.2534588626743252,0.5450234213096578,0,0,0,1,0,0
0.4510851028671813,0.4645078697860929,0.5058186231118217,0.5090096263864126,0,0,1,0,0,0
0.5237886449947281,0.6573167346106544,0.8189792357764386,0.6245038929566373,0,0,0,1,0,0
0.6544882647955068,0.4393923976444442,0.6211210491244005,0.7401986547089792,0,1,0,0,0,0
0.3045185925967165,0.3013289058485672,0.5458802869535341,0.3136445217288742,1,0,0,0,0,0
0.4996096456060792,0.4364747787846141,0.5917520169235349,0.6596218307800241,1,0,0,0,0,0
0.482716183768335,0.5614814659061313,0.5314228814019432,0.5606587838094296,1,0,0,0,0,0
0.3677989588298081,0.6374462876528123,0.4163537370578704,0.41592985614676015,1,0,0,0,0,0
0.3236126237817961,0.43131236791302296,0.2050967323077952,0.25761674558666925,1,0,0,0,0,0
0.39103598262483663,0.5060606049780997,0.2522955610769081,0.3477648971789816,0,0,1,0,0,0
0.3648165456131974,0.8115825388304456,0.3325456764268887,0.16125493984202338,0,0,0,1,0,0
0.1841809742741317,0.6316068674312417,0.4531626063046928,0.431741682033267,0,0,0,1,0,0
0.2697484182873138,0.6271383744405528,0.1953651811382809,0.3679016828023429,0,0,0,0,1,0
0.20075256509337155,0.2779447190113116,0.5685342557786361,0.556149201619786,1,0,0,0,0,0
0.7552975085362733,0.4759321550030602,0.9655685327093481,0.6359345971757204,0,0,0,1,0,0
0.5871421359150822,0.4204263094957165,0.5612710788405073,0.627067543523131,0,0,0,1,0,0
0.16046469386407095,0.6966459646817084,0.4089450310087078,0.21714665889307969,0,0,0,1,0,0
0.43080138665486656,0.5336139110410659,0.5285604037568403,0.3681480443948453,0,0,0,1,0,0
0.4272175448421107,0.5454233048791824,0.6396500067877003,0.6048009711124263,1,0,0,0,0,0
0.2519320634011813,0.6490307819787063,0.16432057806457326,0.3006585885252317,0,0,0,1,0,0
0.4044237905739608,0.4645042419316485,0.5044171539802028,0.40900316728878733,1,0,0,0,0,0
0.5884133649804179,0.6562424436682945,0.8355006315499691,0.6361012301828235,1,0,0,0,0,0
0.3955756940744827,0.7985902072753048,0.33082188892655234,0.2040038550762472,0,0,0,1,0,0
0.5862265848381086,0.4642843185201077,0.5997738555797856,0.8567568167671697,0,0,0,0,1,0
0.4763200416135702,0.2862260846006159,0.4888433654677488,0.4114606416224942,1,0,0,0,0,0
0.3852189472708037,0.7122195520162983,0.3918804342554825,0.4173443132622753,0,0,0,1,0,0
0.5022290294565924,0.504398928842993,0.2635489646612248,0.12168669261061565,0,0,0,1,0,0
0.20999665083892008,0.4971123195299978,0.6424505913910452,0.32721206133078923,0,0,0,0,1,0
0.6223714683898102,0.3852040125194582,0.3089947199874907,0.2955094670285272,0,0,0,1,0,0
0.5144303430623148,0.30841098005757084,0.5332964096963335,0.4508426987669187,0,0,0,1,0,0
0.3810575128864099,0.7041682290839908,0.5147490467097858,0.4365369543167563,0,0,0,1,0,0
0.5037801049216418,0.9294395870026004,0.3664606599964959,0.4015665096500681,0,0,0,0,1,0
0.3741484261114667,0.3445898049559149,0.6363397309473561,0.2481432621832249,1,0,0,0,0,0
0.49170970156239896,0.4636293903678197,0.5594443924607964,0.4351882858803489,1,0,0,0,0,0
0.4037272159825862,0.3643664521794561,0.6090040178878497,0.4873011508793926,0,0,0,1,0,0
0.4239532368475861,0.6145688510700718,0.5842097787549421,0.6553298521146043,1,0,0,0,0,0
0.18417184790538774,0.7151309235869638,0.13460036259564734,0.2270684068617265,0,0,0,0,0,1
0.3906694290697766,0.8411202998055716,0.19507208212811225,0.3076679008815882,1,0,0,0,0,0
0.5153971790364432,0.5617857657534445,0.5288184275146894,0.3735016571301501,0,0,0,1,0,0
0.6133645269466709,0.4894378936383528,0.5808079950356857,0.5998460303550801,0,0,0,1,0,0
0.3550870183601146,0.4440244873210163,0.5353444823915584,0.2463467223408892,1,0,0,0,0,0
0.2464147577793823,0.4095958964838422,0.5386424792099368,0.08482883947744206,0,1,0,0,0,0
0.18438267742418776,0.4789368061301901,0.3743963341928218,0.5217296004701502,0,1,0,0,0,0
0.4165771994283703,0.4585225271488922,0.7683330522823812,0.6540064228000888,1,0,0,0,0,0
0.5299845645400029,0.2597019865057757,0.7132363704280948,0.5996677875533437,0,0,0,1,0,0
0.4764660777291431,0.5345811964008034,0.342815920723563,0.5267847856283531,1,0,0,0,0,0
0.5903836895047814,0.514357511555222,0.7148151920659093,0.6131141225129884,0,0,0,1,0,0
0.4068335382007837,0.4553102868830651,0.2870075203943188,0.6416805442858692,0,0,0,1,0,0
0.33213427919741784,0.5773210446027128,0.4458596184119873,0.40952550019423467,1,0,0,0,0,0
0.7613554112947414,0.3314799509814848,0.8610600925230152,0.7358968953394378,0,1,0,0,0,0
0.40570306192811134,0.6232729261275476,0.2985685239214783,0.16112699860649546,0,0,0,1,0,0
0.4688407188928862,0.5174176217802128,0.6209557115311447,0.6248482602843604,1,0,0,0,0,0
0.479818440076381,0.5697617962416881,0.7213623931192393,0.4919379191467225,0,0,0,0,0,1
0.4624895790300461,0.5748439666121937,0.5980974741944622,0.4674467861467118,0,0,1,0,0,0
0.4933947548278907,0.5015517678751821,0.6603668617061033,0.605896960260879,1,0,0,0,0,0
0.4172527547569121,0.6249732499858772,0.3287520789411104,0.2796675314611779,0,0,0,0,0,1
0.2323006781078839,0.4259669470678559,0.5778186741715855,0.7338158774057281,0,0,0,1,0,0
0.4768916238529865,0.4785923544676903,0.40363033464020426,0.544586652208558,0,0,0,0,1,0
0.1677984879168454,0.8122929096234279,0.5073605910023625,0.4146968185712929,1,0,0,0,0,0
0.3582398592403725,0.3707745809664184,0.6673837050439432,0.7405790642637972,0,0,0,0,0,1
0.6305854122728537,0.539712232484287,0.30557971502614345,0.7775196969582735,0,0,0,0,1,0
0.4409981585862939,0.23405132528857375,0.5769116792804196,0.5093680078184192,0,0,0,1,0,0
0.5005233083711402,0.39016575504303946,0.4575028379481982,0.3464742940842629,1,0,0,0,0,0
0.3714221256048394,0.508111190483182,0.5911200104982167,0.5787140455811215,0,0,0,1,0,0
0.3540466893295677,0.5407519997390765,0.5712096006938082,0.24377530431810115,1,0,0,0,0,0
0.17360695069840554,0.5896128668034745,0.3634385458746502,0.6141577482798738,0,0,0,1,0,0
0.5778091112204605,0.5003394585777345,0.7566291207477428,0.8549489712660003,0,0,0,1,0,0
0.1946549336962759,0.4568400930420949,0.41488360980968814,0.2880532532927865,0,0,0,1,0,0
0.6870798464680745,0.5360903383609764,0.7516135247140048,0.7259599419999203,0,0,0,0,1,0
0.7571377380956645,0.5566020017570789,0.7607364502095001,0.5702604475625773,0,0,1,0,0,0
0.5400876338610013,0.4815320826451627,0.7174795760309887,0.6947839601121377,0,0,0,1,0,0
0.5340006619939253,0.5959918074276711,0.8501404673408831,0.7942472943179957,0,1,0,0,0,0
0.5212368917903017,0.6087281979798949,0.946612014442891,0.6769925864021291,0,0,0,1,0,0
0.5285356140406823,0.5891397663212339,0.6512166236569396,0.4121756662989292,0,0,0,1,0,0
0.3378043185749406,0.3780925497718048,0.694287038730347,0.5435362673149564,1,0,0,0,0,0
0.38701127354014175,0.5270474691798911,0.7657516183014328,0.6102976743553843,0,0,0,1,0,0
0.444005602311103,0.4241889939536255,0.5496132061727924,0.4475171934803702,0,1,0,0,0,0
0.6005569017635347,0.4542131929675609,0.5563310890474147,0.6931487489923561,1,0,0,0,0,0
0.32251032627901444,0.4341013917051471,0.5958799946619029,0.6096158422840292,0,0,0,1,0,0
0.4173001058933074,0.3775948819510494,0.5418338647344139,0.3490872993183736,1,0,0,0,0,0
0.4839050876561649,0.5699170933679273,0.6347676415210999,0.5064325040700844,1,0,0,0,0,0
0.42193354110950976,0.2504010945633725,0.8511714670211034,0.5807525622359989,1,0,0,0,0,0
0.5546624268278099,0.20867584728205008,0.6538545201052042,0.4089374660587713,0,0,0,1,0,0
0.4177761432660903,0.35243010769936617,0.6042644053259479,0.4091902593002075,0,0,0,1,0,0
0.42232196164189983,0.6730891842040043,0.8293724953601913,0.5778361624373266,0,0,0,1,0,0
0.34258460045178035,0.26175245399225905,0.5828646952080849,0.5103313211436651,1,0,0,0,0,0
0.18778053000658984,0.7364910458587844,0.3443478996707319,0.3463062462505728,1,0,0,0,0,0
0.217248257400432,0.4987182711237048,0.3315312040178976,0.5232825307796921,0,0,0,1,0,0
0.4135764428639238,0.35686270945928944,0.6585401835559873,0.4640021544269874,1,0,0,0,0,0
0.6495590309746747,0.5078463208836099,0.7348547480537332,0.546648257094182,0,0,0,0,0,1
0.5710561840298457,0.7298729011831669,0.4211657028673038,0.7854226316995812,1,0,0,0,0,0
0.5411810684466748,0.3705810260156199,0.7912264449001588,0.4829132184080529,0,0,0,1,0,0
0.5160036963323632,0.5275078933054959,0.3548574295227587,0.7604317994664286,0,0,0,1,0,0
0.3969883320489408,0.6111090023462676,0.5072143527884544,0.17964219213471638,0,0,0,0,0,1
0.3834889715343976,0.5520484793694205,0.5264208697412078,0.7033103648544025,0,0,1,0,0,0
0.5115925357978953,0.7293598080323525,0.4929183046692216,0.8031946198782922,0,0,1,0,0,0
0.3618667061171297,0.5656799531870303,0.4192265518026263,0.5193612257496387,0,0,0,1,0,0
0.6644324573763061,0.3588398940306163,0.6668164511549379,0.5400973133957662,0,0,0,1,0,0
0.16864446958026205,0.3130094700952347,0.4436390218448216,0.539799547425459,1,0,0,0,0,0
0.3777560832044784,0.5935372360462214,0.5956286899543685,0.5325942281982944,1,0,0,0,0,0
0.3764729520853111,0.6463723195360589,0.609449079243181,0.3842929461674824,1,0,0,0,0,0
0.2798745118127758,0.6564201941998399,0.6290679358102901,0.29205988696696245,0,0,0,1,0,0
0.3201754063428098,0.6919286846064977,0.5644936214175476,0.4894910714495504,0,0,0,1,0,0
0.4396245808903376,0.5141795140086365,0.8161216310068317,0.6514913737638149,1,0,0,0,0,0
0.4886321866874934,0.5484730688109186,0.5986208699715143,0.5445659125918522,0,0,1,0,0,0
0.3203642312313993,0.2125377697764852,0.5925587890039019,0.34398989449652445,0,0,0,1,0,0
0.3238053473389625,0.5059631966083168,0.4960383282659343,0.6596835886270487,0,0,0,1,0,0
0.6266145629030311,0.3898047732560749,0.6207580446896525,0.7125488314218412,0,0,0,1,0,0
0.6243882723635749,0.6612348871907548,0.5744578178095248,0.6422995761949135,0,0,0,0,1,0
0.1651963889117372,0.7167982547589441,0.4687553518777525,0.25362371791721783,1,0,0,0,0,0
0.7129132189757785,0.5318919417691564,0.7564647935134049,0.4536338330897058,1,0,0,0,0,0
0.3462834483038663,0.15874186243871866,0.7149870242277861,0.3226757464202977,0,0,0,1,0,0
0.3323744700041184,0.6052062408602683,0.29923467056768793,0.5700730854855057,0,0,1,0,0,0
0.3553127174590911,0.3446838246030724,0.5557276505550555,0.6382316190935432,0,0,0,0,0,1
0.5025990844061363,0.6041742947466081,0.617954672131419,0.5935448602683817,1,0,0,0,0,0
0.2030734301142652,0.16553894730149818,0.2995069579313812,0.4258022263267003,1,0,0,0,0,0
0.5529714816656802,0.34118721259532275,0.6448010334120685,0.4153942106557978,0,0,0,1,0,0
0.4961396808820898,0.37748756717792703,0.6472375551399165,0.4656888678867193,0,1,0,0,0,0
0.3625668270307094,0.639753416784588,0.5362475723300909,0.4276784934724291,0,0,0,1,0,0
0.3569985378992515,0.6713307566237863,0.2967838630001996,0.6899803696223118,0,0,1,0,0,0
0.4401325118247183,0.39115706082944296,0.57198307632316,0.4313732548485311,1,0,0,0,0,0
0.4455471177513876,0.24113937198315366,0.5586141779285623,0.39930171273743226,0,1,0,0,0,0
0.4348911277684966,0.6671597792809306,0.7986176084369192,0.4600606006479525,0,1,0,0,0,0
0.4404317315532129,0.3094978182468445,0.20305693473507969,0.19410499508338072,1,0,0,0,0,0
0.6260168005606022,0.17218225702665182,0.408421804580713,0.6449405291466007,0,0,0,0,1,0
0.4677850248522497,0.42013540722983417,0.6318937148461823,0.3865087470270767,1,0,0,0,0,0
0.5010218791127545,0.5848466079834541,0.6562302419663666,0.4698857370086443,1,0,0,0,0,0
0.3774494817091187,0.4661578199733502,0.4973513849100462,0.3933045478174321,1,0,0,0,0,0
0.5075829141004433,0.7996232644844037,0.3345200230296363,0.34440347584390474,0,0,0,1,0,0
0.4867440133136787,0.4626664876894514,0.8400125685822827,0.35338272302575713,1,0,0,0,0,0
0.4060617791475717,0.4499437702553888,0.7889825792471347,0.4285529910950088,0,0,0,1,0,0
0.4581318644795706,0.3917598269859147,0.6605898989575533,0.6356891853240133,0,0,0,0,1,0
0.3319360874530467,0.5648357793659164,0.5392155253895515,0.5514705080053851,0,1,0,0,0,0
0.4816397309789108,0.5011471150435187,0.4964462495029655,0.5440032316400073,1,0,0,0,0,0
0.2949429482572136,0.7712861562498676,0.5835025434061195,0.3006180390267751,1,0,0,0,0,0
0.6701995355809963,0.7684686738777555,0.7372743479813444,0.6083839550449307,0,0,0,1,0,0
